{
  "message": "\u706b\u5c71\u7070\u573a\u666f\u5df2\u751f\u6210\u5e76\u4fdd\u5b58",
  "scene": {
    "cloud_info": {
      "center_lat": 35.04588987325487,
      "center_lon": 119.85661026772749,
      "zone_radii": {
        "high": 0.3771,
        "low": 0.6826,
        "medium": 0.5176,
        "safe": 0.8519
      }
    },
    "config": {
      "add_filaments": true,
      "add_fractal_boundary": true,
      "airport_clearance_radius": 35.0,
      "airport_safety_threshold_ratio": 0.35,
      "arrival_cloud_clearance_radius": 180.0,
      "ash_advection_speed": 0.18,
      "ash_advection_speed_max": 0.28,
      "ash_advection_speed_min": 0.08,
      "ash_avoidance_activation_ratio": 0.6,
      "ash_avoidance_gain": 0.0,
      "ash_decay_rate": 0.0005,
      "ash_diffusion_sigma": 0.16,
      "ash_dynamic_renormalize": false,
      "ash_dynamic_update_interval": 1,
      "ash_local_deformation_strength": 0.22,
      "ash_local_flow_scale": 140.0,
      "ash_local_flow_smoothness": 0.992,
      "ash_local_flow_update_interval": 16,
      "ash_rotation_enabled": true,
      "ash_rotation_jitter_deg": 0.03,
      "ash_rotation_rate_deg": 0.08,
      "ash_shear_strength": 0.08,
      "ash_turbulence_drift": 0.08,
      "ash_wind_direction_jitter_deg": 8.0,
      "ash_wind_smoothness": 0.985,
      "ash_wind_speed_jitter_ratio": 0.2,
      "centers": [
        {
          "std_x": 30.937281452059022,
          "std_y": 53.50263984082869,
          "theta": 2.7052480588603283,
          "weight": 0.28786011006958795,
          "x": 127.24489711506092,
          "y": 128.18457850377223
        },
        {
          "std_x": 47.47365861734268,
          "std_y": 140.34282771976385,
          "theta": 2.4238595832334493,
          "weight": 0.4806938750678249,
          "x": 128.62414688787578,
          "y": 127.75076894460517
        },
        {
          "std_x": 23.136771128956514,
          "std_y": 42.32530574017853,
          "theta": 1.2864148836658686,
          "weight": 0.23144601486258715,
          "x": 127.96024806743874,
          "y": 128.1508879676245
        }
      ],
      "cloud_size": 63.974096794065225,
      "concentration_threshold": 0.2928134905027852,
      "cruise_speed_mode": "fixed",
      "departure_cloud_clearance_radius": 220.0,
      "enable_dynamic_ash": false,
      "enable_irregular": true,
      "fixed_cruise_speed": 9.0,
      "fixed_safety_factor": 1.0,
      "fractal_dimension": 1.3761944077287314,
      "geo_center_lat": 35.0,
      "geo_center_lon": 120.0,
      "geo_span_lat": 2.0,
      "geo_span_lon": 2.0,
      "image_size": [
        256,
        256
      ],
      "initial_clear_concentration_ratio": 0.2,
      "initial_clear_path_distance": 180.0,
      "mass_ratio": 0.85,
      "max_cruise_speed": 13.0,
      "max_safety_factor": 1.8,
      "min_cruise_speed": 7.0,
      "min_safety_factor": 0.6,
      "model_type": "random_rotated_gmm",
      "num_centers": 3,
      "num_filaments": 7,
      "path_boundary_margin": 45.0,
      "path_corridor_radius": 30.0,
      "path_lookahead_distance": 45.0,
      "path_planning_threshold_ratio": 0.8,
      "path_risk_inflation_radius": 8.0,
      "random_scene_cloud_size_max": 84.0,
      "random_scene_cloud_size_min": 62.0,
      "random_scene_max_anisotropy": 3.6,
      "random_scene_max_attempts": 8,
      "random_scene_max_centers": 3,
      "random_scene_max_high_area": 12.0,
      "random_scene_max_low_area": 48.0,
      "random_scene_max_medium_area": 24.0,
      "random_scene_max_std": 48.0,
      "random_scene_max_weight": 1.0,
      "random_scene_min_anisotropy": 1.4,
      "random_scene_min_centers": 1,
      "random_scene_min_medium_area": 2.0,
      "random_scene_min_std": 18.0,
      "random_scene_min_weight": 0.25,
      "random_scene_position_margin": 140.0,
      "random_scene_seed": 50726,
      "random_scene_threshold_max": 0.34,
      "random_scene_threshold_min": 0.28,
      "random_seed": 1908964318,
      "randomize_irregular_each_episode": true,
      "reference_path_points": 160,
      "safety_factor_mode": "random",
      "scene_name": "web_globe_overlay_test",
      "success_threshold": 20.0,
      "training_scene_names": [],
      "turbulence_scale": 0.10238594359437174,
      "use_random_ash_scenes": true,
      "wind_direction": 24.76018296849853,
      "wind_strength": 0.4158081606542301
    },
    "created_at": "2026-05-07T11:55:43",
    "extra": {
      "random_scene": true,
      "seed": 50726
    },
    "file_urls": {
      "concentration_map": "/api/output/web_scenes/web_globe_overlay_test_20260507_115543_722906/concentration_concentration.npy",
      "concentration_png": "/api/output/web_scenes/web_globe_overlay_test_20260507_115543_722906/concentration_concentration.png",
      "config": "/api/output/web_scenes/web_globe_overlay_test_20260507_115543_722906/scene_config.json",
      "overlay_image": "/api/output/web_scenes/web_globe_overlay_test_20260507_115543_722906/concentration_overlay.png",
      "preview_image": "/api/output/web_scenes/web_globe_overlay_test_20260507_115543_722906/concentration_classified_preview.png"
    },
    "files": {
      "concentration_map": "/Users/jiangbowang/YO/Parttimejob/Intelligent_Pilots/Intelligent_Pilots/output/web_scenes/web_globe_overlay_test_20260507_115543_722906/concentration_concentration.npy",
      "concentration_png": "/Users/jiangbowang/YO/Parttimejob/Intelligent_Pilots/Intelligent_Pilots/output/web_scenes/web_globe_overlay_test_20260507_115543_722906/concentration_concentration.png",
      "config": "/Users/jiangbowang/YO/Parttimejob/Intelligent_Pilots/Intelligent_Pilots/output/web_scenes/web_globe_overlay_test_20260507_115543_722906/scene_config.json",
      "overlay_image": "/Users/jiangbowang/YO/Parttimejob/Intelligent_Pilots/Intelligent_Pilots/output/web_scenes/web_globe_overlay_test_20260507_115543_722906/concentration_overlay.png",
      "preview_image": "/Users/jiangbowang/YO/Parttimejob/Intelligent_Pilots/Intelligent_Pilots/output/web_scenes/web_globe_overlay_test_20260507_115543_722906/concentration_classified_preview.png",
      "source_image": null
    },
    "scene_id": "web_globe_overlay_test_20260507_115543_722906",
    "scene_name": "web_globe_overlay_test",
    "scene_type": "generated_random",
    "summary": {
      "active_area_ratio": 0.2104339599609375,
      "max_concentration": 1.0,
      "mean_concentration": 0.1698569357395172,
      "shape": [
        256,
        256
      ]
    }
  },
  "success": true
}
